model,total_elapsed_time,P-1,S-1,E-1,E-2,E-3,E-4,E-5,E-6,E-7,E-8,E-9,E-10,E-11,E-12,E-13,A-1,D-1,P-2,P-3,D-2,D-3,D-4,A-2,A-3,A-4,G-1,G-2,D-5,D-6,D-7,F-1,P-4,G-3,T-1,T-2,D-8,D-9,F-2,G-4,T-3,D-11,D-12,B-1,G-6,G-7,P-7,R-1,A-5,A-6,A-7,D-13,P-2,A-8,A-9,F-3,M-6,M-1,M-2,S-2,P-10,T-4,T-5,F-7,M-3,M-4,M-5,P-15,C-1,C-2,T-12,T-13,F-4,F-5,D-14,T-9,P-14,T-8,P-11,D-15,D-16,M-7,F-8
ESN_COLAB,30636.307296037674,579.2341351509094,353.9745395183563,297.368688583374,529.8343935012817,333.68560314178467,587.2924942970276,372.63025069236755,557.3931138515472,339.7289295196533,286.49166202545166,366.4775366783142,544.6211023330688,378.7389557361603,546.4660875797272,379.052396774292,537.6192922592163,352.7107343673706,522.5644052028656,343.5293667316437,510.58369636535645,402.83615279197693,575.9522452354431,353.3800435066223,510.3567581176758,401.55347776412964,305.72860884666443,344.0320384502411,519.9875540733337,339.6250364780426,590.860116481781,444.36979937553406,335.5321831703186,514.9838585853577,409.260657787323,351.33774280548096,612.894627571106,416.9364593029022,316.19249415397644,298.4536166191101,520.2129728794098,399.1722912788391,120.77315282821655,371.5318148136139,525.6912622451782,343.9890339374542,557.5517904758453,383.73877334594727,145.47446823120117,136.85389351844788,410.67448377609253,274.05309009552,522.5644052028656,165.34402799606323,171.871994972229,886.7394282817841,261.0999984741211,751.2825794219971,435.1511764526367,181.3690643310547,397.8680624961853,225.37058353424072,239.29701399803162,220.01828694343567,186.10142278671265,192.323890209198,177.84356117248535,587.9541916847229,212.59889817237854,109.0982117652893,124.61510872840881,124.09259724617004,172.24659323692322,189.1931402683258,445.0000567436218,89.00005912780762,392.72880840301514,110.13145971298218,701.2789809703827,503.99206042289734,165.45816564559937,219.10971546173096,521.5758693218231
