model,total_elapsed_time,P-1,S-1,E-1,E-2,E-3,E-4,E-5,E-6,E-7,E-8,E-9,E-10,E-11,E-12,E-13,A-1,D-1,P-2,P-3,D-2,D-3,D-4,A-2,A-3,A-4,G-1,G-2,D-5,D-6,D-7,F-1,P-4,G-3,T-1,T-2,D-8,D-9,F-2,G-4,T-3,D-11,D-12,B-1,G-6,G-7,P-7,R-1,A-5,A-6,A-7,D-13,P-2,A-8,A-9,F-3,M-6,M-1,M-2,S-2,P-10,T-4,T-5,F-7,M-3,M-4,M-5,P-15,C-1,C-2,T-12,T-13,F-4,F-5,D-14,T-9,P-14,T-8,P-11,D-15,D-16,M-7,F-8
2021-07-27_12.50.38,36658.241854429245,456.152813911438,431.57460951805115,485.0068588256836,453.8939456939697,449.28989577293396,440.9895589351654,443.2575993537903,447.4675896167755,448.97806453704834,446.79871678352356,447.8547625541687,443.86246824264526,452.3605239391327,449.4592616558075,450.239298582077,442.54169392585754,442.4792699813843,447.28537130355835,454.2360415458679,444.2946398258209,444.32364869117737,441.1345648765564,440.79382371902466,445.5429718494415,448.48186469078064,443.07342505455017,447.1868875026703,439.01976919174194,441.76974654197693,443.79919600486755,442.1895561218262,459.67952370643616,450.8114528656006,447.72864031791687,470.07142329216003,457.4484760761261,441.4480183124542,436.3689661026001,462.3259835243225,453.8785448074341,462.24223613739014,267.795786857605,457.7859961986542,451.5102334022522,459.9876637458801,475.05958557128906,471.2818088531494,459.94666385650635,448.5199816226959,471.45856046676636,448.43315052986145,447.28537130355835,444.5341212749481,439.51892280578613,456.21730756759644,453.82400369644165,444.5342803001404,435.8857362270355,438.4437644481659,461.4700434207916,446.20726585388184,447.0478193759918,443.7591516971588,449.88552832603455,445.0539619922638,449.6673278808594,460.77689957618713,452.9543833732605,451.46427631378174,458.1621778011322,454.6783056259155,432.0935764312744,464.76929211616516,504.18879890441895,259.9352958202362,465.5021493434906,442.9243185520172,463.94954228401184,460.57978653907776,463.58460783958435,451.5462963581085,458.6764063835144
